Workbook

Sheet oil
A1: category | B1: Low | C1: Med | D1: High
A2: Reserves | B2: 171 | C2: 261 | D2: 319
A3: Producing fields | B3: 102 | C3: 130 | D3: 172
A4: Proposed new developments | B4: 140 | C4: 173 | D4: 200
A5: Licensed marginal discoveries | B5: 44 | C5: 111 | D5: 247
A6: Unlicensed marginal discoveries | B6: 56 | C6: 156 | D6: 309

Sheet gas
A1: category | B1: Low | C1: Med | D1: High
A2: Reserves | B2: 103 | C2: 148 | D2: 193
A3: Producing fields | B3: 35 | C3: 62 | D3: 77
A4: Proposed new developments | B4: 19 | C4: 28 | D4: 38
A5: Licensed marginal discoveries | B5: 43 | C5: 95 | D5: 175
A6: Unlicensed marginal discoveries | B6: 65 | C6: 139 | D6: 255

Sheet oil_emissions
A1: category | B1: Low | C1: Med | D1: High
A2: Reserves | B2: =oil!B2*3.22 -> 550.62 | C2: =oil!C2*3.22 -> 840.42 | D2: =oil!D2*3.22 -> 1027.18
A3: Producing fields | B3: =oil!B3*3.22 -> 328.44 | C3: =oil!C3*3.22 -> 418.6 | D3: =oil!D3*3.22 -> 553.84
A4: Proposed new developments | B4: =oil!B4*3.22 -> 450.8 | C4: =oil!C4*3.22 -> 557.06 | D4: =oil!D4*3.22 -> 644
A5: Licensed marginal discoveries | B5: =oil!B5*3.22 -> 141.68 | C5: =oil!C5*3.22 -> 357.42 | D5: =oil!D5*3.22 -> 795.34
A6: Unlicensed marginal discoveries | B6: =oil!B6*3.22 -> 180.32 | C6: =oil!C6*3.22 -> 502.32 | D6: =oil!D6*3.22 -> 994.98

Sheet gas_emissions
A1: category | B1: Low | C1: Med | D1: High
A2: Reserves | B2: =gas!B2*2.0414 -> 210.2642 | C2: =gas!C2*2.0414 -> 302.1272 | D2: =gas!D2*2.0414 -> 393.9902
A3: Producing fields | B3: =gas!B3*2.0414 -> 71.449 | C3: =gas!C3*2.0414 -> 126.5668 | D3: =gas!D3*2.0414 -> 157.1878
A4: Proposed new developments | B4: =gas!B4*2.0414 -> 38.7866 | C4: =gas!C4*2.0414 -> 57.1592 | D4: =gas!D4*2.0414 -> 77.5732
A5: Licensed marginal discoveries | B5: =gas!B5*2.0414 -> 87.7802 | C5: =gas!C5*2.0414 -> 193.933 | D5: =gas!D5*2.0414 -> 357.245
A6: Unlicensed marginal discoveries | B6: =gas!B6*2.0414 -> 132.691 | C6: =gas!C6*2.0414 -> 283.7546 | D6: =gas!D6*2.0414 -> 520.557

Sheet emissions_totals
B1: Low | C1: Medium | D1: High
A2: oil | B2: =SUM(oil_emissions!B2:B6) -> 1651.86 | C2: =SUM(oil_emissions!C2:C6) -> 2675.82 | D2: =SUM(oil_emissions!D2:D6) -> 4015.34
A3: gas | B3: =SUM(gas_emissions!B2:B6) -> 540.971 | C3: =SUM(gas_emissions!C2:C6) -> 963.5408 | D3: =SUM(gas_emissions!D2:D6) -> 1506.5532

Sheet fields_of_interest
C1: P50 | D1: P50 | E1: P10 | F1: P10 | G1: P50 | H1: P50 | I1: P10 | J1: P10 | K1: P50 | L1: P50 | M1: P10 | N1: P10
A2: Field_name | B2: category | C2: Oil (mmboe) | D2: Oil (MtCO2) | E2: Oil (mmboe) | F2: Oil (MtCO2) | G2: Gas (mmboe) | H2: Gas (MtCO2) | I2: Gas (mmboe) | J2: Gas (MtCO2) | K2: Total (mmboe) | L2: Total (MtCO2) | M2: Total (mmboe) | N2: Total (MtCO2)
A3: Rosebank (Phase 1) | B3: "Reserves", "Contingent resources in proposed new developments" | C3: 213.2 | D3: 91.5 | E3: 305.9 | F3: 131.3 | G3: 31.9 | H3: 10.7 | I3: 43.9 | J3: 14.7 | K3: =C3+G3 -> 245.1 | L3: =D3+H3 -> 102.2 | M3: =E3+I3 -> 349.8 | N3: =F3+J3 -> 146
A4: Jackdaw | B4: "Reserves", "Contingent resources in proposed new developments" | C4: 0 | D4: 3.8 | E4: 0 | F4: 6.1 | G4: 60.8 | H4: 17.1 | I4: 93 | J4: 25.9 | K4: =C4+G4 -> 60.8 | L4: =D4+H4 -> 20.9 | M4: =E4+I4 -> 93 | N4: =F4+J4 -> 32
A5: Cambo | B5: "Contingent resources in proposed new developments" | C5: 210 | D5: 90.2 | E5: 210 | F5: 90.2 | G5: 11.4 | H5: 3.8 | I5: 11.4 | J5: 3.8 | K5: =C5+G5 -> 221.4 | L5: =D5+H5 -> 94 | M5: =E5+I5 -> 221.4 | N5: =F5+J5 -> 94
A6: Rosebank (Phase 2) | B6: "Contingent resources in producing fields", "Contingent resources in proposed new developments" | C6: 91.4 | D6: 39.2 | E6: 131.1 | F6: 56.3 | G6: 13.7 | H6: 4.6 | I6: 18.8 | J6: 6.3 | K6: =C6+G6 -> 105.1 | L6: =D6+H6 -> 43.8 | M6: =E6+I6 -> 149.9 | N6: =F6+J6 -> 62.6

Sheet foi_oil_emissions
A1: Field_name | B1: category | C1: P50 | D1: P10
A2: Rosebank (Phase 1) | B2: "Reserves", "Contingent resources in proposed new developments" | C2: 91.5 | D2: 131.3
A3: Jackdaw | B3: "Reserves", "Contingent resources in proposed new developments" | C3: 3.8 | D3: 6.1
A4: Cambo | B4: "Contingent resources in proposed new developments" | C4: 90.2 | D4: 90.2
A5: Rosebank (Phase 2) | B5: "Contingent resources in proposed new developments" | C5: 39.2 | D5: 56.3

Sheet foi_gas_emissions
A1: Field_name | B1: category | C1: P50 | D1: P10
A2: Rosebank (Phase 1) | B2: "Reserves", "Contingent resources in proposed new developments" | C2: 10.7 | D2: 14.7
A3: Jackdaw | B3: "Reserves", "Contingent resources in proposed new developments" | C3: 17.1 | D3: 25.9
A4: Cambo | B4: "Contingent resources in proposed new developments" | C4: 3.8 | D4: 3.8
A5: Rosebank (Phase 2) | B5: "Contingent resources in proposed new developments" | C5: 4.6 | D5: 6.3

Sheet test_subjects
B1: Scenario_1 | C1: category | D1: Scenario_2 | E1: category | F1: Scenario_3 | G1: category | H1: Scenario_4 | I1: category | J1: Scenario_5 | K1: category | L1: Scenario_6 | M1: category | N1: Scenario_7 | O1: category | P1: Scenario_8 | Q1: category
A2: 1 | B2: Reserves | C2: Reserves | D2: Reserves | E2: Reserves | F2: Reserves | G2: Reserves | H2: Reserves | I2: Reserves | J2: Reserves | K2: Reserves | L2: Reserves | M2: Reserves | N2: Reserves | O2: Reserves | P2: Reserves | Q2: Reserves
A3: 2 | B3: Producing fields | C3: Producing fields | D3: Producing fields | E3: Producing fields | F3: Producing fields | G3: Producing fields | H3: Producing fields | I3: Producing fields | J3: Rosebank (Phase 1) | K3: Reserves | L3: Jackdaw | M3: Reserves | N3: Rosebank (Phase 1) | O3: Reserves | P3: Jackdaw | Q3: Reserves
A4: 3 | B4: Proposed new developments | C4: Proposed new developments | D4: Proposed new developments | E4: Proposed new developments | F4: Rosebank (Phase 1) | G4: Proposed new developments | H4: Jackdaw | I4: Proposed new developments | J4: Jackdaw | K4: Reserves | L4: Rosebank (Phase 1) | M4: Reserves | N4: Jackdaw | O4: Reserves | P4: Rosebank (Phase 1) | Q4: Reserves
A5: 4 | B5: Rosebank (Phase 1) | C5: Proposed new developments | D5: Jackdaw | E5: Proposed new developments | F5: Jackdaw | G5: Proposed new developments | H5: Rosebank (Phase 1) | I5: Proposed new developments | J5: Producing fields | K5: Producing fields | L5: Producing fields | M5: Producing fields | N5: Producing fields | O5: Producing fields | P5: Producing fields | Q5: Producing fields
A6: 5 | B6: Jackdaw | C6: Proposed new developments | D6: Rosebank (Phase 1) | E6: Proposed new developments | F6: Cambo | G6: Proposed new developments | H6: Cambo | I6: Proposed new developments | J6: Proposed new developments | K6: Proposed new developments | L6: Proposed new developments | M6: Proposed new developments | N6: Cambo | O6: Proposed new developments | P6: Cambo | Q6: Proposed new developments
A7: 6 | B7: Cambo | C7: Proposed new developments | D7: Cambo | E7: Proposed new developments | F7: Rosebank (Phase 2) | G7: Proposed new developments | H7: Rosebank (Phase 2) | I7: Proposed new developments | J7: Cambo | K7: Proposed new developments | L7: Cambo | M7: Proposed new developments | N7: Rosebank (Phase 2) | O7: Proposed new developments | P7: Rosebank (Phase 2) | Q7: Proposed new developments
A8: 7 | B8: Rosebank (Phase 2) | C8: Proposed new developments | D8: Rosebank (Phase 2) | E8: Proposed new developments | F8: Proposed new developments | G8: Proposed new developments | H8: Proposed new developments | I8: Proposed new developments | J8: Rosebank (Phase 2) | K8: Proposed new developments | L8: Rosebank (Phase 2) | M8: Proposed new developments | N8: Proposed new developments | O8: Proposed new developments | P8: Proposed new developments | Q8: Proposed new developments
A9: 8 | B9: Licensed marginal discoveries | C9: Licensed marginal discoveries | D9: Licensed marginal discoveries | E9: Licensed marginal discoveries | F9: Licensed marginal discoveries | G9: Licensed marginal discoveries | H9: Licensed marginal discoveries | I9: Licensed marginal discoveries | J9: Licensed marginal discoveries | K9: Licensed marginal discoveries | L9: Licensed marginal discoveries | M9: Licensed marginal discoveries | N9: Licensed marginal discoveries | O9: Licensed marginal discoveries | P9: Licensed marginal discoveries | Q9: Licensed marginal discoveries
A10: 9 | B10: Unlicensed marginal discoveries | C10: Licensed marginal discoveries | D10: Unlicensed marginal discoveries | E10: Licensed marginal discoveries | F10: Unlicensed marginal discoveries | G10: Licensed marginal discoveries | H10: Unlicensed marginal discoveries | I10: Licensed marginal discoveries | J10: Unlicensed marginal discoveries | K10: Licensed marginal discoveries | L10: Unlicensed marginal discoveries | M10: Licensed marginal discoveries | N10: Unlicensed marginal discoveries | O10: Licensed marginal discoveries | P10: Unlicensed marginal discoveries | Q10: Licensed marginal discoveries

Sheet emissions_factors
B1: oil | C1: gas
A2: factor | B2: 3.22 | C2: 2.0414
