Workbook

Sheet Production
B1: Oil (thousand tonnes) | C1: Gas (million cubic metres)
A2: 2010 | B2: 62961.61 | C2: 57862.97
A3: 2011 | B3: 51972.43 | C3: 46299.79
A4: 2012 | B4: 44560.81 | C4: 39597.03
A5: 2013 | B5: 41100.8 | C5: 37308.09
A6: 2014 | B6: 40327.75 | C6: 37679.6
A7: 2015 | B7: 45698.12 | C7: 40466.21
A8: 2016 | B8: 47872.07 | C8: 41652.73
A9: 2017 | B9: 47049.29 | C9: 42100.35
A10: 2018 | B10: 51550.72 | C10: 40736.37
A11: 2019 | B11: 52856.18 | C11: 39386.27
A12: 2020 | B12: 49361.5 | C12: 39432.91
A13: 2021 | B13: 41164.75 | C13: 32569.52
... A16: 2024 | B16: 30657.8 | C16: 30830.07

Sheet Production_PJ
A1: year | B1: oil | C1: gas
A2: 2010 | B2: =Production!B2*conversion_factors!$A$2 -> 2636.0767 | C2: =Production!C2*conversion_factors!$B$2 -> 2314.5188
A3: 2011 | B3: =Production!B3*conversion_factors!$A$2 -> 2175.9817 | C3: =Production!C3*conversion_factors!$B$2 -> 1851.9916
A4: 2012 | B4: =Production!B4*conversion_factors!$A$2 -> 1865.672 | C4: =Production!C4*conversion_factors!$B$2 -> 1583.8812
A5: 2013 | B5: =Production!B5*conversion_factors!$A$2 -> 1720.8083 | C5: =Production!C5*conversion_factors!$B$2 -> 1492.3236
A6: 2014 | B6: =Production!B6*conversion_factors!$A$2 -> 1688.4422 | C6: =Production!C6*conversion_factors!$B$2 -> 1507.184
A7: 2015 | B7: =Production!B7*conversion_factors!$A$2 -> 1913.2889 | C7: =Production!C7*conversion_factors!$B$2 -> 1618.6484
A8: 2016 | B8: =Production!B8*conversion_factors!$A$2 -> 2004.3078 | C8: =Production!C8*conversion_factors!$B$2 -> 1666.1092
A9: 2017 | B9: =Production!B9*conversion_factors!$A$2 -> 1969.8597 | C9: =Production!C9*conversion_factors!$B$2 -> 1684.014
A10: 2018 | B10: =Production!B10*conversion_factors!$A$2 -> 2158.3255 | C10: =Production!C10*conversion_factors!$B$2 -> 1629.4548
A11: 2019 | B11: =Production!B11*conversion_factors!$A$2 -> 2212.9825 | C11: =Production!C11*conversion_factors!$B$2 -> 1575.4508
A12: 2020 | B12: =Production!B12*conversion_factors!$A$2 -> 2066.6673 | C12: =Production!C12*conversion_factors!$B$2 -> 1577.3164
A13: 2021 | B13: =Production!B13*conversion_factors!$A$2 -> 1723.4858 | C13: =Production!C13*conversion_factors!$B$2 -> 1302.7808
... A16: 2024 | B16: =Production!B16*conversion_factors!$A$2 -> 1283.5808 | C16: =Production!C16*conversion_factors!$B$2 -> 1233.2028

Sheet Emissions_MtCO2
A1: year | B1: oil | C1: gas
A2: 2010 | B2: =Production_PJ!B2*conversion_factors!A$6 -> 193.22442 | C2: =Production_PJ!C2*conversion_factors!B$6 -> 116.8832
A3: 2011 | B3: =Production_PJ!B3*conversion_factors!A$6 -> 159.49946 | C3: =Production_PJ!C3*conversion_factors!B$6 -> 93.525576
A4: 2012 | B4: =Production_PJ!B4*conversion_factors!A$6 -> 136.75376 | C4: =Production_PJ!C4*conversion_factors!B$6 -> 79.986001
A5: 2013 | B5: =Production_PJ!B5*conversion_factors!A$6 -> 126.13525 | C5: =Production_PJ!C5*conversion_factors!B$6 -> 75.362342
A6: 2014 | B6: =Production_PJ!B6*conversion_factors!A$6 -> 123.76282 | C6: =Production_PJ!C6*conversion_factors!B$6 -> 76.112792
A7: 2015 | B7: =Production_PJ!B7*conversion_factors!A$6 -> 140.24408 | C7: =Production_PJ!C7*conversion_factors!B$6 -> 81.741744
A8: 2016 | B8: =Production_PJ!B8*conversion_factors!A$6 -> 146.91576 | C8: =Production_PJ!C8*conversion_factors!B$6 -> 84.138515
A9: 2017 | B9: =Production_PJ!B9*conversion_factors!A$6 -> 144.39071 | C9: =Production_PJ!C9*conversion_factors!B$6 -> 85.042707
A10: 2018 | B10: =Production_PJ!B10*conversion_factors!A$6 -> 158.20526 | C10: =Production_PJ!C10*conversion_factors!B$6 -> 82.287467
A11: 2019 | B11: =Production_PJ!B11*conversion_factors!A$6 -> 162.21162 | C11: =Production_PJ!C11*conversion_factors!B$6 -> 79.560265
A12: 2020 | B12: =Production_PJ!B12*conversion_factors!A$6 -> 151.48671 | C12: =Production_PJ!C12*conversion_factors!B$6 -> 79.654478
A13: 2021 | B13: =Production_PJ!B13*conversion_factors!A$6 -> 126.33151 | C13: =Production_PJ!C13*conversion_factors!B$6 -> 65.79043
... A16: 2024 | B16: =Production_PJ!B16*conversion_factors!A$6 -> 94.08647 | C16: =Production_PJ!C16*conversion_factors!B$6 -> 62.276741
A17: Mean last 5 years | B17: =AVERAGE(B12:B16) -> 118.64732 | C17: =AVERAGE(C12:C16) -> 70.548847
A18: Proportion of total | B18: =B17/($B17+$C17) -> 0.62711271 | C18: =C17/($B17+$C17) -> 0.37288729

Sheet conversion_factors
A1: oil | B1: gas
A2: 0.041868 | B2: 0.04
A3: PJ/kt | B3: PJ/Mcm
A5: Oil | B5: Gas
A6: 0.0733 | B6: 0.0505
A7: MtCO2/PJ | B7: MtCO2 /PJ

Sheet Sources
A1: Total Production
A2: Oil | B2: DUKES 2025 | C2: Crude oil and petroleum: production, imports and exports 1890 to 2024 | D2: https://www.gov.uk/government/statistical-data-sets/crude-oil-and-petroleum-production-imports-and-exports#full-publication-update-history
A3: Gas | B3: DUKES 2025 | C3: Gas Production Table F.2 | D3: https://www.gov.uk/government/statistics/natural-gas-chapter-4-digest-of-united-kingdom-energy-statistics-dukes
